<PAMDataset>
  <PAMRasterBand band="1">
    <Metadata>
      <MDI key="COLOR_TABLE_RULE_RGB_0">1.745000e+00 2.048333e+00 0 0 255 0 255 0</MDI>
      <MDI key="COLOR_TABLE_RULE_RGB_1">2.048333e+00 2.351667e+00 0 255 0 255 255 0</MDI>
      <MDI key="COLOR_TABLE_RULE_RGB_2">2.351667e+00 2.655000e+00 255 255 0 255 0 0</MDI>
      <MDI key="COLOR_TABLE_RULES_COUNT">3</MDI>
      <MDI key="STATISTICS_MAXIMUM">2.6549999713898</MDI>
      <MDI key="STATISTICS_MEAN">2.377546381614</MDI>
      <MDI key="STATISTICS_MINIMUM">1.7450000047684</MDI>
      <MDI key="STATISTICS_STDDEV">0.14952544167444</MDI>
    </Metadata>
  </PAMRasterBand>
</PAMDataset>
