<PAMDataset>
  <PAMRasterBand band="1">
    <Metadata>
      <MDI key="COLOR_TABLE_RULE_RGB_0">1.311000e+00 3.033333e+00 0 0 255 0 255 0</MDI>
      <MDI key="COLOR_TABLE_RULE_RGB_1">3.033333e+00 4.755667e+00 0 255 0 255 255 0</MDI>
      <MDI key="COLOR_TABLE_RULE_RGB_2">4.755667e+00 6.478000e+00 255 255 0 255 0 0</MDI>
      <MDI key="COLOR_TABLE_RULES_COUNT">3</MDI>
      <MDI key="STATISTICS_MAXIMUM">6.478000164032</MDI>
      <MDI key="STATISTICS_MEAN">4.634934968915</MDI>
      <MDI key="STATISTICS_MINIMUM">1.3109999895096</MDI>
      <MDI key="STATISTICS_STDDEV">0.63807545377458</MDI>
    </Metadata>
  </PAMRasterBand>
</PAMDataset>
