<PAMDataset>
  <PAMRasterBand band="1">
    <Metadata>
      <MDI key="COLOR_TABLE_RULE_RGB_0">2.885000e+00 4.171333e+00 0 0 255 0 255 0</MDI>
      <MDI key="COLOR_TABLE_RULE_RGB_1">4.171333e+00 5.457667e+00 0 255 0 255 255 0</MDI>
      <MDI key="COLOR_TABLE_RULE_RGB_2">5.457667e+00 6.744000e+00 255 255 0 255 0 0</MDI>
      <MDI key="COLOR_TABLE_RULES_COUNT">3</MDI>
      <MDI key="STATISTICS_MAXIMUM">6.7439999580383</MDI>
      <MDI key="STATISTICS_MEAN">5.774816095312</MDI>
      <MDI key="STATISTICS_MINIMUM">2.8849999904633</MDI>
      <MDI key="STATISTICS_STDDEV">0.37685682154889</MDI>
    </Metadata>
  </PAMRasterBand>
</PAMDataset>
