<PAMDataset>
  <PAMRasterBand band="1">
    <Metadata>
      <MDI key="COLOR_TABLE_RULE_RGB_0">2.874000e+00 4.171333e+00 0 0 255 0 255 0</MDI>
      <MDI key="COLOR_TABLE_RULE_RGB_1">4.171333e+00 5.468667e+00 0 255 0 255 255 0</MDI>
      <MDI key="COLOR_TABLE_RULE_RGB_2">5.468667e+00 6.766000e+00 255 255 0 255 0 0</MDI>
      <MDI key="COLOR_TABLE_RULES_COUNT">3</MDI>
      <MDI key="STATISTICS_MAXIMUM">6.7659997940063</MDI>
      <MDI key="STATISTICS_MEAN">5.7940287174359</MDI>
      <MDI key="STATISTICS_MINIMUM">2.8740000724792</MDI>
      <MDI key="STATISTICS_STDDEV">0.37829830631999</MDI>
    </Metadata>
  </PAMRasterBand>
</PAMDataset>
