<PAMDataset>
  <PAMRasterBand band="1">
    <Metadata>
      <MDI key="COLOR_TABLE_RULE_RGB_0">2.841000e+00 3.661667e+00 0 0 255 0 255 0</MDI>
      <MDI key="COLOR_TABLE_RULE_RGB_1">3.661667e+00 4.482333e+00 0 255 0 255 255 0</MDI>
      <MDI key="COLOR_TABLE_RULE_RGB_2">4.482333e+00 5.303000e+00 255 255 0 255 0 0</MDI>
      <MDI key="COLOR_TABLE_RULES_COUNT">3</MDI>
      <MDI key="STATISTICS_MAXIMUM">5.3029999732971</MDI>
      <MDI key="STATISTICS_MEAN">4.520627948667</MDI>
      <MDI key="STATISTICS_MINIMUM">2.8410000801086</MDI>
      <MDI key="STATISTICS_STDDEV">0.28164620266978</MDI>
    </Metadata>
  </PAMRasterBand>
</PAMDataset>
