<PAMDataset>
  <PAMRasterBand band="1">
    <Metadata>
      <MDI key="COLOR_TABLE_RULE_RGB_0">1.000000e-01 1.113333e+01 0 0 255 0 255 0</MDI>
      <MDI key="COLOR_TABLE_RULE_RGB_1">1.113333e+01 2.216667e+01 0 255 0 255 255 0</MDI>
      <MDI key="COLOR_TABLE_RULE_RGB_2">2.216667e+01 3.320000e+01 255 255 0 255 0 0</MDI>
      <MDI key="COLOR_TABLE_RULES_COUNT">3</MDI>
      <MDI key="STATISTICS_MAXIMUM">33.200000762939</MDI>
      <MDI key="STATISTICS_MEAN">25.145793297858</MDI>
      <MDI key="STATISTICS_MINIMUM">0.10000000149012</MDI>
      <MDI key="STATISTICS_STDDEV">4.1075232355601</MDI>
    </Metadata>
  </PAMRasterBand>
</PAMDataset>
