<PAMDataset>
  <PAMRasterBand band="1">
    <Metadata>
      <MDI key="COLOR_TABLE_RULE_RGB_0">3.293000e+00 4.120667e+00 0 0 255 0 255 0</MDI>
      <MDI key="COLOR_TABLE_RULE_RGB_1">4.120667e+00 4.948333e+00 0 255 0 255 255 0</MDI>
      <MDI key="COLOR_TABLE_RULE_RGB_2">4.948333e+00 5.776000e+00 255 255 0 255 0 0</MDI>
      <MDI key="COLOR_TABLE_RULES_COUNT">3</MDI>
      <MDI key="STATISTICS_MAXIMUM">5.7760000228882</MDI>
      <MDI key="STATISTICS_MEAN">4.9227745091222</MDI>
      <MDI key="STATISTICS_MINIMUM">3.2929999828339</MDI>
      <MDI key="STATISTICS_STDDEV">0.24822859633607</MDI>
    </Metadata>
  </PAMRasterBand>
</PAMDataset>
