<PAMDataset>
  <PAMRasterBand band="1">
    <Metadata>
      <MDI key="COLOR_TABLE_RULE_RGB_0">2.295000e+00 3.216667e+00 0 0 255 0 255 0</MDI>
      <MDI key="COLOR_TABLE_RULE_RGB_1">3.216667e+00 4.138333e+00 0 255 0 255 255 0</MDI>
      <MDI key="COLOR_TABLE_RULE_RGB_2">4.138333e+00 5.060000e+00 255 255 0 255 0 0</MDI>
      <MDI key="COLOR_TABLE_RULES_COUNT">3</MDI>
      <MDI key="STATISTICS_MAXIMUM">5.0599999427795</MDI>
      <MDI key="STATISTICS_MEAN">3.8854950555851</MDI>
      <MDI key="STATISTICS_MINIMUM">2.2950000762939</MDI>
      <MDI key="STATISTICS_STDDEV">0.49401456897132</MDI>
    </Metadata>
  </PAMRasterBand>
</PAMDataset>
