<PAMDataset>
  <PAMRasterBand band="1">
    <Metadata>
      <MDI key="COLOR_TABLE_RULE_RGB_0">2.537000e+00 3.518667e+00 0 0 255 0 255 0</MDI>
      <MDI key="COLOR_TABLE_RULE_RGB_1">3.518667e+00 4.500333e+00 0 255 0 255 255 0</MDI>
      <MDI key="COLOR_TABLE_RULE_RGB_2">4.500333e+00 5.482000e+00 255 255 0 255 0 0</MDI>
      <MDI key="COLOR_TABLE_RULES_COUNT">3</MDI>
      <MDI key="STATISTICS_MAXIMUM">5.481999874115</MDI>
      <MDI key="STATISTICS_MEAN">4.2469595780904</MDI>
      <MDI key="STATISTICS_MINIMUM">2.5369999408722</MDI>
      <MDI key="STATISTICS_STDDEV">0.48103000273927</MDI>
    </Metadata>
  </PAMRasterBand>
</PAMDataset>
