<PAMDataset>
  <PAMRasterBand band="1">
    <Metadata>
      <MDI key="COLOR_TABLE_RULE_RGB_0">2.555000e+00 3.457000e+00 0 0 255 0 255 0</MDI>
      <MDI key="COLOR_TABLE_RULE_RGB_1">3.457000e+00 4.359000e+00 0 255 0 255 255 0</MDI>
      <MDI key="COLOR_TABLE_RULE_RGB_2">4.359000e+00 5.261000e+00 255 255 0 255 0 0</MDI>
      <MDI key="COLOR_TABLE_RULES_COUNT">3</MDI>
      <MDI key="STATISTICS_MAXIMUM">5.2610001564026</MDI>
      <MDI key="STATISTICS_MEAN">4.395574952185</MDI>
      <MDI key="STATISTICS_MINIMUM">2.5550000667572</MDI>
      <MDI key="STATISTICS_STDDEV">0.27578143267452</MDI>
    </Metadata>
  </PAMRasterBand>
</PAMDataset>
