<PAMDataset>
  <PAMRasterBand band="1">
    <Metadata>
      <MDI key="COLOR_TABLE_RULE_RGB_0">2.736000e+00 3.666667e+00 0 0 255 0 255 0</MDI>
      <MDI key="COLOR_TABLE_RULE_RGB_1">3.666667e+00 4.597333e+00 0 255 0 255 255 0</MDI>
      <MDI key="COLOR_TABLE_RULE_RGB_2">4.597333e+00 5.528000e+00 255 255 0 255 0 0</MDI>
      <MDI key="COLOR_TABLE_RULES_COUNT">3</MDI>
      <MDI key="STATISTICS_MAXIMUM">5.5279998779297</MDI>
      <MDI key="STATISTICS_MEAN">4.6146992610216</MDI>
      <MDI key="STATISTICS_MINIMUM">2.7360000610352</MDI>
      <MDI key="STATISTICS_STDDEV">0.37038331734245</MDI>
    </Metadata>
  </PAMRasterBand>
</PAMDataset>
