<PAMDataset>
  <PAMRasterBand band="1">
    <Metadata>
      <MDI key="COLOR_TABLE_RULE_RGB_0">3.517000e+00 4.358667e+00 0 0 255 0 255 0</MDI>
      <MDI key="COLOR_TABLE_RULE_RGB_1">4.358667e+00 5.200333e+00 0 255 0 255 255 0</MDI>
      <MDI key="COLOR_TABLE_RULE_RGB_2">5.200333e+00 6.042000e+00 255 255 0 255 0 0</MDI>
      <MDI key="COLOR_TABLE_RULES_COUNT">3</MDI>
      <MDI key="STATISTICS_MAXIMUM">6.0419998168945</MDI>
      <MDI key="STATISTICS_MEAN">5.1395381263304</MDI>
      <MDI key="STATISTICS_MINIMUM">3.5169999599457</MDI>
      <MDI key="STATISTICS_STDDEV">0.38442725588601</MDI>
    </Metadata>
  </PAMRasterBand>
</PAMDataset>
