<PAMDataset>
  <PAMRasterBand band="1">
    <Metadata>
      <MDI key="COLOR_TABLE_RULE_RGB_0">2.424000e+00 3.304667e+00 0 0 255 0 255 0</MDI>
      <MDI key="COLOR_TABLE_RULE_RGB_1">3.304667e+00 4.185333e+00 0 255 0 255 255 0</MDI>
      <MDI key="COLOR_TABLE_RULE_RGB_2">4.185333e+00 5.066000e+00 255 255 0 255 0 0</MDI>
      <MDI key="COLOR_TABLE_RULES_COUNT">3</MDI>
      <MDI key="STATISTICS_MAXIMUM">5.0659999847412</MDI>
      <MDI key="STATISTICS_MEAN">3.9305293564991</MDI>
      <MDI key="STATISTICS_MINIMUM">2.4240000247955</MDI>
      <MDI key="STATISTICS_STDDEV">0.45254148749912</MDI>
    </Metadata>
  </PAMRasterBand>
</PAMDataset>
