<PAMDataset>
  <PAMRasterBand band="1">
    <Metadata>
      <MDI key="COLOR_TABLE_RULE_RGB_0">2.817000e+00 3.624667e+00 0 0 255 0 255 0</MDI>
      <MDI key="COLOR_TABLE_RULE_RGB_1">3.624667e+00 4.432333e+00 0 255 0 255 255 0</MDI>
      <MDI key="COLOR_TABLE_RULE_RGB_2">4.432333e+00 5.240000e+00 255 255 0 255 0 0</MDI>
      <MDI key="COLOR_TABLE_RULES_COUNT">3</MDI>
      <MDI key="STATISTICS_MAXIMUM">5.2399997711182</MDI>
      <MDI key="STATISTICS_MEAN">4.4514032643552</MDI>
      <MDI key="STATISTICS_MINIMUM">2.816999912262</MDI>
      <MDI key="STATISTICS_STDDEV">0.2753520778912</MDI>
    </Metadata>
  </PAMRasterBand>
</PAMDataset>
