<PAMDataset>
  <PAMRasterBand band="1">
    <Metadata>
      <MDI key="COLOR_TABLE_RULE_RGB_0">2.605000e+00 3.491333e+00 0 0 255 0 255 0</MDI>
      <MDI key="COLOR_TABLE_RULE_RGB_1">3.491333e+00 4.377667e+00 0 255 0 255 255 0</MDI>
      <MDI key="COLOR_TABLE_RULE_RGB_2">4.377667e+00 5.264000e+00 255 255 0 255 0 0</MDI>
      <MDI key="COLOR_TABLE_RULES_COUNT">3</MDI>
      <MDI key="STATISTICS_MAXIMUM">5.2639999389648</MDI>
      <MDI key="STATISTICS_MEAN">4.2382776817951</MDI>
      <MDI key="STATISTICS_MINIMUM">2.6050000190735</MDI>
      <MDI key="STATISTICS_STDDEV">0.37284234958243</MDI>
    </Metadata>
  </PAMRasterBand>
</PAMDataset>
