<PAMDataset>
  <PAMRasterBand band="1">
    <Metadata>
      <MDI key="COLOR_TABLE_RULE_RGB_0">2.855000e+00 3.874000e+00 0 0 255 0 255 0</MDI>
      <MDI key="COLOR_TABLE_RULE_RGB_1">3.874000e+00 4.893000e+00 0 255 0 255 255 0</MDI>
      <MDI key="COLOR_TABLE_RULE_RGB_2">4.893000e+00 5.912000e+00 255 255 0 255 0 0</MDI>
      <MDI key="COLOR_TABLE_RULES_COUNT">3</MDI>
      <MDI key="STATISTICS_MAXIMUM">5.9120001792908</MDI>
      <MDI key="STATISTICS_MEAN">4.816038777171</MDI>
      <MDI key="STATISTICS_MINIMUM">2.8550000190735</MDI>
      <MDI key="STATISTICS_STDDEV">0.4019319607891</MDI>
    </Metadata>
  </PAMRasterBand>
</PAMDataset>
