<PAMDataset>
  <PAMRasterBand band="1">
    <Metadata>
      <MDI key="COLOR_TABLE_RULE_RGB_0">3.056000e+00 3.983000e+00 0 0 255 0 255 0</MDI>
      <MDI key="COLOR_TABLE_RULE_RGB_1">3.983000e+00 4.910000e+00 0 255 0 255 255 0</MDI>
      <MDI key="COLOR_TABLE_RULE_RGB_2">4.910000e+00 5.837000e+00 255 255 0 255 0 0</MDI>
      <MDI key="COLOR_TABLE_RULES_COUNT">3</MDI>
      <MDI key="STATISTICS_MAXIMUM">5.8369998931885</MDI>
      <MDI key="STATISTICS_MEAN">4.954540710337</MDI>
      <MDI key="STATISTICS_MINIMUM">3.055999994278</MDI>
      <MDI key="STATISTICS_STDDEV">0.43245037209532</MDI>
    </Metadata>
  </PAMRasterBand>
</PAMDataset>
