<PAMDataset>
  <PAMRasterBand band="1">
    <Metadata>
      <MDI key="COLOR_TABLE_RULE_RGB_0">2.682000e+00 3.644333e+00 0 0 255 0 255 0</MDI>
      <MDI key="COLOR_TABLE_RULE_RGB_1">3.644333e+00 4.606666e+00 0 255 0 255 255 0</MDI>
      <MDI key="COLOR_TABLE_RULE_RGB_2">4.606666e+00 5.569000e+00 255 255 0 255 0 0</MDI>
      <MDI key="COLOR_TABLE_RULES_COUNT">3</MDI>
      <MDI key="STATISTICS_MAXIMUM">5.5689997673035</MDI>
      <MDI key="STATISTICS_MEAN">4.6908315065795</MDI>
      <MDI key="STATISTICS_MINIMUM">2.6819999217987</MDI>
      <MDI key="STATISTICS_STDDEV">0.32437823070765</MDI>
    </Metadata>
  </PAMRasterBand>
</PAMDataset>
